SELECTED_ASOS_ID,CLIENT,FACILITY_NAME,T03,WDR,GST,TMP,PSN,PRA,PZR,WSP,DPT,SITE,FORECAST_TIME,PPL
RDU,EsteMauder,Greenwood Research Lab,1,14,14,71,0,7,0,9,59,RDU,1743638791095784000,0
RDU,EsteMauder,Greenwood Research Lab,1,16,14,70,0,13,0,9,61,RDU,1743649591095784000,0
RDU,EsteMauder,Greenwood Research Lab,1,18,14,70,0,42,0,8,63,RDU,1743660391095784000,0
RDU,EsteMauder,Greenwood Research Lab,1,19,14,69,0,8,0,9,65,RDU,1743671191095784000,0
RDU,EsteMauder,Greenwood Research Lab,1,20,14,69,0,6,0,9,65,RDU,1743681991095784000,0
RDU,EsteMauder,Greenwood Research Lab,2,21,17,75,0,0,0,10,65,RDU,1743692791095784000,0
RDU,EsteMauder,Greenwood Research Lab,3,21,19,81,0,17,0,11,64,RDU,1743703591095784000,0
RDU,EsteMauder,Greenwood Research Lab,6,21,17,84,0,17,0,10,63,RDU,1743714391095784000,0
RDU,EsteMauder,Greenwood Research Lab,5,20,10,79,0,0,0,7,62,RDU,1743725191095784000,0
RDU,EsteMauder,Greenwood Research Lab,3,19,13,75,0,0,0,8,63,RDU,1743735991095784000,0
RDU,EsteMauder,Greenwood Research Lab,1,21,13,72,0,0,0,8,63,RDU,1743746791095784000,0
RDU,EsteMauder,Greenwood Research Lab,0,22,13,70,0,16,0,8,64,RDU,1743757591095784000,0
RDU,EsteMauder,Greenwood Research Lab,1,22,12,69,0,16,0,8,64,RDU,1743768391095784000,0
RDU,EsteMauder,Greenwood Research Lab,1,22,13,78,0,2,0,8,64,RDU,1743779191095784000,0
RDU,EsteMauder,Greenwood Research Lab,0,23,15,85,0,1,0,9,64,RDU,1743789991095784000,0
RDU,EsteMauder,Greenwood Research Lab,2,22,13,88,0,2,0,9,62,RDU,1743800791095784000,0
RDU,EsteMauder,Greenwood Research Lab,4,20,6,81,0,2,0,5,62,RDU,1743811591095784000,0
RDU,EsteMauder,Greenwood Research Lab,4,19,8,76,0,5,0,5,63,RDU,1743822391095784000,0
RDU,EsteMauder,Greenwood Research Lab,2,20,9,72,0,5,0,5,63,RDU,1743833191095784000,0
RDU,EsteMauder,Greenwood Research Lab,1,20,9,69,0,1,0,5,62,RDU,1743843991095784000,0
RDU,EsteMauder,Greenwood Research Lab,1,21,10,67,0,1,0,6,62,RDU,1743854791095784000,0
RDU,EsteMauder,Greenwood Research Lab,1,21,13,77,0,1,0,8,62,RDU,1743865591095784000,0
RDU,EsteMauder,Greenwood Research Lab,2,21,16,84,0,1,0,10,61,RDU,1743876391095784000,0
SPI,EsteMauder,Cedar Valley Distribution,23,21,24,66,0,15,0,16,59,SPI,1743638791095784000,0
SPI,EsteMauder,Coastal Fisheries HQ,23,21,24,66,0,15,0,16,59,SPI,1743638791095784000,0
SPI,EsteMauder,Cedar Valley Distribution,6,24,19,62,0,18,0,12,57,SPI,1743649591095784000,0
SPI,EsteMauder,Coastal Fisheries HQ,6,24,19,62,0,18,0,12,57,SPI,1743649591095784000,0
SPI,EsteMauder,Cedar Valley Distribution,2,26,17,56,0,1,0,10,51,SPI,1743660391095784000,0
SPI,EsteMauder,Coastal Fisheries HQ,2,26,17,56,0,1,0,10,51,SPI,1743660391095784000,0
SPI,EsteMauder,Cedar Valley Distribution,0,27,14,51,0,0,0,8,47,SPI,1743671191095784000,0
SPI,EsteMauder,Coastal Fisheries HQ,0,27,14,51,0,0,0,8,47,SPI,1743671191095784000,0
SPI,EsteMauder,Cedar Valley Distribution,0,28,11,47,0,0,0,6,43,SPI,1743681991095784000,0
SPI,EsteMauder,Coastal Fisheries HQ,0,28,11,47,0,0,0,6,43,SPI,1743681991095784000,0
SPI,EsteMauder,Cedar Valley Distribution,0,29,10,55,0,3,0,6,42,SPI,1743692791095784000,0
SPI,EsteMauder,Coastal Fisheries HQ,0,29,10,55,0,3,0,6,42,SPI,1743692791095784000,0
SPI,EsteMauder,Cedar Valley Distribution,0,27,9,58,0,5,0,6,40,SPI,1743703591095784000,0
SPI,EsteMauder,Coastal Fisheries HQ,0,27,9,58,0,5,0,6,40,SPI,1743703591095784000,0
SPI,EsteMauder,Cedar Valley Distribution,3,23,8,59,0,17,0,5,41,SPI,1743714391095784000,0
SPI,EsteMauder,Coastal Fisheries HQ,3,23,8,59,0,17,0,5,41,SPI,1743714391095784000,0
SPI,EsteMauder,Cedar Valley Distribution,2,18,8,54,0,36,0,4,43,SPI,1743725191095784000,0
SPI,EsteMauder,Coastal Fisheries HQ,2,18,8,54,0,36,0,4,43,SPI,1743725191095784000,0
SPI,EsteMauder,Cedar Valley Distribution,5,9,10,50,0,58,0,5,43,SPI,1743735991095784000,0
SPI,EsteMauder,Coastal Fisheries HQ,5,9,10,50,0,58,0,5,43,SPI,1743735991095784000,0
SPI,EsteMauder,Cedar Valley Distribution,9,7,11,49,0,46,0,6,43,SPI,1743746791095784000,0
SPI,EsteMauder,Coastal Fisheries HQ,9,7,11,49,0,46,0,6,43,SPI,1743746791095784000,0
SPI,EsteMauder,Cedar Valley Distribution,6,7,14,49,0,39,0,8,43,SPI,1743757591095784000,0
SPI,EsteMauder,Coastal Fisheries HQ,6,7,14,49,0,39,0,8,43,SPI,1743757591095784000,0
SPI,EsteMauder,Cedar Valley Distribution,2,7,16,48,0,23,0,9,43,SPI,1743768391095784000,0
SPI,EsteMauder,Coastal Fisheries HQ,2,7,16,48,0,23,0,9,43,SPI,1743768391095784000,0
SPI,EsteMauder,Cedar Valley Distribution,1,8,17,53,0,25,0,10,45,SPI,1743779191095784000,0
SPI,EsteMauder,Coastal Fisheries HQ,1,8,17,53,0,25,0,10,45,SPI,1743779191095784000,0
SPI,EsteMauder,Cedar Valley Distribution,3,7,16,56,0,51,0,10,47,SPI,1743789991095784000,0
SPI,EsteMauder,Coastal Fisheries HQ,3,7,16,56,0,51,0,10,47,SPI,1743789991095784000,0
SPI,EsteMauder,Cedar Valley Distribution,12,8,17,58,0,65,0,11,49,SPI,1743800791095784000,0
SPI,EsteMauder,Coastal Fisheries HQ,12,8,17,58,0,65,0,11,49,SPI,1743800791095784000,0
SPI,EsteMauder,Cedar Valley Distribution,19,7,17,56,0,97,0,11,50,SPI,1743811591095784000,0
SPI,EsteMauder,Coastal Fisheries HQ,19,7,17,56,0,97,0,11,50,SPI,1743811591095784000,0
SPI,EsteMauder,Cedar Valley Distribution,23,6,17,54,0,90,0,10,50,SPI,1743822391095784000,0
SPI,EsteMauder,Coastal Fisheries HQ,23,6,17,54,0,90,0,10,50,SPI,1743822391095784000,0
SPI,EsteMauder,Cedar Valley Distribution,28,1,15,53,0,90,0,9,50,SPI,1743833191095784000,0
SPI,EsteMauder,Coastal Fisheries HQ,28,1,15,53,0,90,0,9,50,SPI,1743833191095784000,0
SPI,EsteMauder,Cedar Valley Distribution,18,36,17,51,0,71,0,10,48,SPI,1743843991095784000,0
SPI,EsteMauder,Coastal Fisheries HQ,18,36,17,51,0,71,0,10,48,SPI,1743843991095784000,0
SPI,EsteMauder,Cedar Valley Distribution,5,35,19,48,0,62,0,11,46,SPI,1743854791095784000,0
SPI,EsteMauder,Coastal Fisheries HQ,5,35,19,48,0,62,0,11,46,SPI,1743854791095784000,0
SPI,EsteMauder,Cedar Valley Distribution,3,36,19,49,0,59,0,12,45,SPI,1743865591095784000,0
SPI,EsteMauder,Coastal Fisheries HQ,3,36,19,49,0,59,0,12,45,SPI,1743865591095784000,0
SPI,EsteMauder,Cedar Valley Distribution,4,36,19,51,0,68,0,12,44,SPI,1743876391095784000,0
SPI,EsteMauder,Coastal Fisheries HQ,4,36,19,51,0,68,0,12,44,SPI,1743876391095784000,0
CLT,EsteMauder,Everest Industrial Plant,19,13,14,72,0,30,0,8,62,CLT,1743638791095784000,0
CLT,EsteMauder,Everest Industrial Plant,11,15,16,70,0,38,0,9,63,CLT,1743649591095784000,0
CLT,EsteMauder,Everest Industrial Plant,3,18,17,70,0,11,0,9,64,CLT,1743660391095784000,0
CLT,EsteMauder,Everest Industrial Plant,2,19,17,69,0,16,0,9,65,CLT,1743671191095784000,0
CLT,EsteMauder,Everest Industrial Plant,4,19,16,68,0,41,0,9,64,CLT,1743681991095784000,0
CLT,EsteMauder,Everest Industrial Plant,3,19,18,72,0,8,0,10,65,CLT,1743692791095784000,0
CLT,EsteMauder,Everest Industrial Plant,5,20,19,78,0,9,0,10,64,CLT,1743703591095784000,0
CLT,EsteMauder,Everest Industrial Plant,9,20,18,82,0,20,0,10,62,CLT,1743714391095784000,0
CLT,EsteMauder,Everest Industrial Plant,10,19,10,78,0,21,0,6,62,CLT,1743725191095784000,0
CLT,EsteMauder,Everest Industrial Plant,4,18,13,74,0,0,0,8,61,CLT,1743735991095784000,0
CLT,EsteMauder,Everest Industrial Plant,1,19,15,70,0,0,0,9,62,CLT,1743746791095784000,0
CLT,EsteMauder,Everest Industrial Plant,1,20,14,68,0,0,0,8,63,CLT,1743757591095784000,0
CLT,EsteMauder,Everest Industrial Plant,1,20,12,68,0,0,0,7,63,CLT,1743768391095784000,0
CLT,EsteMauder,Everest Industrial Plant,0,22,15,76,0,6,0,8,63,CLT,1743779191095784000,0
CLT,EsteMauder,Everest Industrial Plant,1,22,17,83,0,8,0,10,62,CLT,1743789991095784000,0
CLT,EsteMauder,Everest Industrial Plant,4,21,16,86,0,7,0,9,60,CLT,1743800791095784000,0
CLT,EsteMauder,Everest Industrial Plant,6,20,10,81,0,4,0,6,60,CLT,1743811591095784000,0
CLT,EsteMauder,Everest Industrial Plant,2,18,11,75,0,2,0,6,60,CLT,1743822391095784000,0
CLT,EsteMauder,Everest Industrial Plant,1,19,12,71,0,2,0,7,61,CLT,1743833191095784000,0
CLT,EsteMauder,Everest Industrial Plant,1,20,12,68,0,1,0,7,61,CLT,1743843991095784000,0
CLT,EsteMauder,Everest Industrial Plant,0,20,12,66,0,1,0,7,61,CLT,1743854791095784000,0
CLT,EsteMauder,Everest Industrial Plant,1,21,16,75,0,0,0,9,61,CLT,1743865591095784000,0
CLT,EsteMauder,Everest Industrial Plant,1,21,20,83,0,0,0,11,59,CLT,1743876391095784000,0
SVN,EsteMauder,Horizon Tech Park,13,14,13,73,0,12,0,8,68,SVN,1743638791095784000,0
SVN,EsteMauder,Lakeside Processing Facility,13,14,13,73,0,12,0,8,68,SVN,1743638791095784000,0
SVN,EsteMauder,Horizon Tech Park,8,15,13,71,0,0,0,8,68,SVN,1743649591095784000,0
SVN,EsteMauder,Lakeside Processing Facility,8,15,13,71,0,0,0,8,68,SVN,1743649591095784000,0
SVN,EsteMauder,Horizon Tech Park,1,16,13,70,0,12,0,8,68,SVN,1743660391095784000,0
SVN,EsteMauder,Lakeside Processing Facility,1,16,13,70,0,12,0,8,68,SVN,1743660391095784000,0
SVN,EsteMauder,Horizon Tech Park,0,17,13,70,0,12,0,7,67,SVN,1743671191095784000,0
SVN,EsteMauder,Lakeside Processing Facility,0,17,13,70,0,12,0,7,67,SVN,1743671191095784000,0
SVN,EsteMauder,Horizon Tech Park,0,17,12,70,0,15,0,7,67,SVN,1743681991095784000,0
SVN,EsteMauder,Lakeside Processing Facility,0,17,12,70,0,15,0,7,67,SVN,1743681991095784000,0
SVN,EsteMauder,Horizon Tech Park,1,17,14,77,0,16,0,8,67,SVN,1743692791095784000,0
SVN,EsteMauder,Lakeside Processing Facility,1,17,14,77,0,16,0,8,67,SVN,1743692791095784000,0
SVN,EsteMauder,Horizon Tech Park,1,17,16,81,0,0,0,10,66,SVN,1743703591095784000,0
SVN,EsteMauder,Lakeside Processing Facility,1,17,16,81,0,0,0,10,66,SVN,1743703591095784000,0
SVN,EsteMauder,Horizon Tech Park,2,16,16,80,0,0,0,10,66,SVN,1743714391095784000,0
SVN,EsteMauder,Lakeside Processing Facility,2,16,16,80,0,0,0,10,66,SVN,1743714391095784000,0
SVN,EsteMauder,Horizon Tech Park,1,15,12,72,0,0,0,7,66,SVN,1743725191095784000,0
SVN,EsteMauder,Lakeside Processing Facility,1,15,12,72,0,0,0,7,66,SVN,1743725191095784000,0
SVN,EsteMauder,Horizon Tech Park,1,15,11,70,0,16,0,7,68,SVN,1743735991095784000,0
SVN,EsteMauder,Lakeside Processing Facility,1,15,11,70,0,16,0,7,68,SVN,1743735991095784000,0
SVN,EsteMauder,Horizon Tech Park,0,16,11,70,0,16,0,7,67,SVN,1743746791095784000,0
SVN,EsteMauder,Lakeside Processing Facility,0,16,11,70,0,16,0,7,67,SVN,1743746791095784000,0
SVN,EsteMauder,Horizon Tech Park,0,17,11,69,0,0,0,6,67,SVN,1743757591095784000,0
SVN,EsteMauder,Lakeside Processing Facility,0,17,11,69,0,0,0,6,67,SVN,1743757591095784000,0
SVN,EsteMauder,Horizon Tech Park,0,17,10,70,0,0,0,5,67,SVN,1743768391095784000,0
SVN,EsteMauder,Lakeside Processing Facility,0,17,10,70,0,0,0,5,67,SVN,1743768391095784000,0
SVN,EsteMauder,Horizon Tech Park,1,17,12,77,0,0,0,7,67,SVN,1743779191095784000,0
SVN,EsteMauder,Lakeside Processing Facility,1,17,12,77,0,0,0,7,67,SVN,1743779191095784000,0
SVN,EsteMauder,Horizon Tech Park,1,16,15,81,0,0,0,10,65,SVN,1743789991095784000,0
SVN,EsteMauder,Lakeside Processing Facility,1,16,15,81,0,0,0,10,65,SVN,1743789991095784000,0
SVN,EsteMauder,Horizon Tech Park,1,16,15,79,0,0,0,10,65,SVN,1743800791095784000,0
SVN,EsteMauder,Lakeside Processing Facility,1,16,15,79,0,0,0,10,65,SVN,1743800791095784000,0
SVN,EsteMauder,Horizon Tech Park,1,15,10,72,0,0,0,6,65,SVN,1743811591095784000,0
SVN,EsteMauder,Lakeside Processing Facility,1,15,10,72,0,0,0,6,65,SVN,1743811591095784000,0
SVN,EsteMauder,Horizon Tech Park,0,16,10,70,0,0,0,5,66,SVN,1743822391095784000,0
SVN,EsteMauder,Lakeside Processing Facility,0,16,10,70,0,0,0,5,66,SVN,1743822391095784000,0
SVN,EsteMauder,Horizon Tech Park,0,17,10,68,0,0,0,5,65,SVN,1743833191095784000,0
SVN,EsteMauder,Lakeside Processing Facility,0,17,10,68,0,0,0,5,65,SVN,1743833191095784000,0
SVN,EsteMauder,Horizon Tech Park,0,18,10,68,0,0,0,5,65,SVN,1743843991095784000,0
SVN,EsteMauder,Lakeside Processing Facility,0,18,10,68,0,0,0,5,65,SVN,1743843991095784000,0
SVN,EsteMauder,Horizon Tech Park,0,18,10,68,0,0,0,5,65,SVN,1743854791095784000,0
SVN,EsteMauder,Lakeside Processing Facility,0,18,10,68,0,0,0,5,65,SVN,1743854791095784000,0
SVN,EsteMauder,Horizon Tech Park,0,18,13,77,0,0,0,8,66,SVN,1743865591095784000,0
SVN,EsteMauder,Lakeside Processing Facility,0,18,13,77,0,0,0,8,66,SVN,1743865591095784000,0
SVN,EsteMauder,Horizon Tech Park,0,17,16,81,0,0,0,11,64,SVN,1743876391095784000,0
SVN,EsteMauder,Lakeside Processing Facility,0,17,16,81,0,0,0,11,64,SVN,1743876391095784000,0
MCJ,EsteMauder,Bluewave Water Treatment,9,17,32,80,0,1,0,19,71,MCJ,1743638791095784000,0
MCJ,EsteMauder,Orchard Chemical Solutions,9,17,32,80,0,1,0,19,71,MCJ,1743638791095784000,0
MCJ,EsteMauder,Bluewave Water Treatment,10,17,28,77,0,12,0,17,72,MCJ,1743649591095784000,0
MCJ,EsteMauder,Orchard Chemical Solutions,10,17,28,77,0,12,0,17,72,MCJ,1743649591095784000,0
MCJ,EsteMauder,Bluewave Water Treatment,9,16,26,76,0,12,0,16,73,MCJ,1743660391095784000,0
MCJ,EsteMauder,Orchard Chemical Solutions,9,16,26,76,0,12,0,16,73,MCJ,1743660391095784000,0
MCJ,EsteMauder,Bluewave Water Treatment,7,16,27,76,0,12,0,16,72,MCJ,1743671191095784000,0
MCJ,EsteMauder,Orchard Chemical Solutions,7,16,27,76,0,12,0,16,72,MCJ,1743671191095784000,0
MCJ,EsteMauder,Bluewave Water Treatment,7,15,25,76,0,15,0,16,73,MCJ,1743681991095784000,0
MCJ,EsteMauder,Orchard Chemical Solutions,7,15,25,76,0,15,0,16,73,MCJ,1743681991095784000,0
MCJ,EsteMauder,Bluewave Water Treatment,4,16,31,80,0,0,0,18,72,MCJ,1743692791095784000,0
MCJ,EsteMauder,Orchard Chemical Solutions,4,16,31,80,0,0,0,18,72,MCJ,1743692791095784000,0
MCJ,EsteMauder,Bluewave Water Treatment,7,17,36,84,0,0,0,21,70,MCJ,1743703591095784000,0
MCJ,EsteMauder,Orchard Chemical Solutions,7,17,36,84,0,0,0,21,70,MCJ,1743703591095784000,0
MCJ,EsteMauder,Bluewave Water Treatment,10,17,34,83,0,0,0,20,70,MCJ,1743714391095784000,0
MCJ,EsteMauder,Orchard Chemical Solutions,10,17,34,83,0,0,0,20,70,MCJ,1743714391095784000,0
MCJ,EsteMauder,Bluewave Water Treatment,12,16,30,80,0,17,0,18,71,MCJ,1743725191095784000,0
MCJ,EsteMauder,Orchard Chemical Solutions,12,16,30,80,0,17,0,18,71,MCJ,1743725191095784000,0
MCJ,EsteMauder,Bluewave Water Treatment,12,15,27,77,0,17,0,16,72,MCJ,1743735991095784000,0
MCJ,EsteMauder,Orchard Chemical Solutions,12,15,27,77,0,17,0,16,72,MCJ,1743735991095784000,0
MCJ,EsteMauder,Bluewave Water Treatment,9,15,25,76,0,17,0,16,73,MCJ,1743746791095784000,0
MCJ,EsteMauder,Orchard Chemical Solutions,9,15,25,76,0,17,0,16,73,MCJ,1743746791095784000,0
MCJ,EsteMauder,Bluewave Water Treatment,9,15,25,76,0,17,0,16,72,MCJ,1743757591095784000,0
MCJ,EsteMauder,Orchard Chemical Solutions,9,15,25,76,0,17,0,16,72,MCJ,1743757591095784000,0
MCJ,EsteMauder,Bluewave Water Treatment,8,14,25,76,0,16,0,15,73,MCJ,1743768391095784000,0
MCJ,EsteMauder,Orchard Chemical Solutions,8,14,25,76,0,16,0,15,73,MCJ,1743768391095784000,0
MCJ,EsteMauder,Bluewave Water Treatment,7,15,31,79,0,19,0,18,72,MCJ,1743779191095784000,0
MCJ,EsteMauder,Orchard Chemical Solutions,7,15,31,79,0,19,0,18,72,MCJ,1743779191095784000,0
MCJ,EsteMauder,Bluewave Water Treatment,9,16,38,82,0,5,0,22,70,MCJ,1743789991095784000,0
MCJ,EsteMauder,Orchard Chemical Solutions,9,16,38,82,0,5,0,22,70,MCJ,1743789991095784000,0
MCJ,EsteMauder,Bluewave Water Treatment,18,16,37,81,0,8,0,22,70,MCJ,1743800791095784000,0
MCJ,EsteMauder,Orchard Chemical Solutions,18,16,37,81,0,8,0,22,70,MCJ,1743800791095784000,0
MCJ,EsteMauder,Bluewave Water Treatment,22,16,34,78,0,22,0,20,71,MCJ,1743811591095784000,0
MCJ,EsteMauder,Orchard Chemical Solutions,22,16,34,78,0,22,0,20,71,MCJ,1743811591095784000,0
MCJ,EsteMauder,Bluewave Water Treatment,17,15,33,76,0,6,0,19,73,MCJ,1743822391095784000,0
MCJ,EsteMauder,Orchard Chemical Solutions,17,15,33,76,0,6,0,19,73,MCJ,1743822391095784000,0
MCJ,EsteMauder,Bluewave Water Treatment,12,15,31,76,0,24,0,18,73,MCJ,1743833191095784000,0
MCJ,EsteMauder,Orchard Chemical Solutions,12,15,31,76,0,24,0,18,73,MCJ,1743833191095784000,0
MCJ,EsteMauder,Bluewave Water Treatment,11,16,30,76,0,47,0,17,73,MCJ,1743843991095784000,0
MCJ,EsteMauder,Orchard Chemical Solutions,11,16,30,76,0,47,0,17,73,MCJ,1743843991095784000,0
MCJ,EsteMauder,Bluewave Water Treatment,12,17,26,76,0,42,0,16,73,MCJ,1743854791095784000,0
MCJ,EsteMauder,Orchard Chemical Solutions,12,17,26,76,0,42,0,16,73,MCJ,1743854791095784000,0
MCJ,EsteMauder,Bluewave Water Treatment,14,18,30,77,0,75,0,17,72,MCJ,1743865591095784000,0
MCJ,EsteMauder,Orchard Chemical Solutions,14,18,30,77,0,75,0,17,72,MCJ,1743865591095784000,0
MCJ,EsteMauder,Bluewave Water Treatment,22,20,31,78,0,87,0,18,68,MCJ,1743876391095784000,0
MCJ,EsteMauder,Orchard Chemical Solutions,22,20,31,78,0,87,0,18,68,MCJ,1743876391095784000,0
BKF,EsteMauder,Aspen Biotech Center,1,32,16,46,0,0,0,11,5,BKF,1743638791095784000,0
BKF,EsteMauder,Western Energy Refinery,1,32,16,46,0,0,0,11,5,BKF,1743638791095784000,0
BKF,EsteMauder,Aspen Biotech Center,0,6,10,37,0,0,0,6,9,BKF,1743649591095784000,0
BKF,EsteMauder,Western Energy Refinery,0,6,10,37,0,0,0,6,9,BKF,1743649591095784000,0
BKF,EsteMauder,Aspen Biotech Center,0,13,7,32,0,0,0,3,14,BKF,1743660391095784000,0
BKF,EsteMauder,Western Energy Refinery,0,13,7,32,0,0,0,3,14,BKF,1743660391095784000,0
CMH,EsteMauder,Pinehill Medical Center,29,18,24,72,0,22,0,15,60,CMH,1743638791095784000,0
CMH,EsteMauder,Pinehill Medical Center,26,18,26,71,0,24,0,16,59,CMH,1743649591095784000,0
CMH,EsteMauder,Pinehill Medical Center,27,20,27,68,0,82,0,17,60,CMH,1743660391095784000,0
CMH,EsteMauder,Pinehill Medical Center,28,21,27,66,0,65,0,16,61,CMH,1743671191095784000,0
CMH,EsteMauder,Pinehill Medical Center,16,22,22,66,0,42,0,13,60,CMH,1743681991095784000,0
CMH,EsteMauder,Pinehill Medical Center,6,25,17,66,0,8,0,11,57,CMH,1743692791095784000,0
CMH,EsteMauder,Pinehill Medical Center,1,26,15,69,0,8,0,10,53,CMH,1743703591095784000,0
CMH,EsteMauder,Pinehill Medical Center,1,27,12,67,0,14,0,8,49,CMH,1743714391095784000,0
CMH,EsteMauder,Pinehill Medical Center,5,30,8,62,0,18,0,5,48,CMH,1743725191095784000,0
CMH,EsteMauder,Pinehill Medical Center,11,33,8,57,0,62,0,4,47,CMH,1743735991095784000,0
CMH,EsteMauder,Pinehill Medical Center,16,3,8,54,0,87,0,5,47,CMH,1743746791095784000,0
CMH,EsteMauder,Pinehill Medical Center,14,5,10,52,0,86,0,6,47,CMH,1743757591095784000,0
CMH,EsteMauder,Pinehill Medical Center,9,5,13,51,0,69,0,8,46,CMH,1743768391095784000,0
CMH,EsteMauder,Pinehill Medical Center,6,7,12,53,0,48,0,8,47,CMH,1743779191095784000,0
CMH,EsteMauder,Pinehill Medical Center,4,8,12,56,0,31,0,7,49,CMH,1743789991095784000,0
CMH,EsteMauder,Pinehill Medical Center,12,8,12,59,0,67,0,8,51,CMH,1743800791095784000,0
CMH,EsteMauder,Pinehill Medical Center,22,9,12,58,0,61,0,7,51,CMH,1743811591095784000,0
CMH,EsteMauder,Pinehill Medical Center,21,11,12,59,0,63,0,8,52,CMH,1743822391095784000,0
CMH,EsteMauder,Pinehill Medical Center,23,14,13,60,0,90,0,8,53,CMH,1743833191095784000,0
CMH,EsteMauder,Pinehill Medical Center,21,18,17,61,0,83,0,9,56,CMH,1743843991095784000,0
CMH,EsteMauder,Pinehill Medical Center,13,21,20,63,0,86,0,12,58,CMH,1743854791095784000,0
CMH,EsteMauder,Pinehill Medical Center,9,22,20,67,0,86,0,12,61,CMH,1743865591095784000,0
CMH,EsteMauder,Pinehill Medical Center,9,22,21,70,0,87,0,13,61,CMH,1743876391095784000,0
JRB,EsteMauder,Riverbend Recycling Center,1,13,20,45,0,34,0,14,35,JRB,1743638791095784000,0
JRB,EsteMauder,Neptune Shipping Terminal,1,13,20,45,0,34,0,14,35,JRB,1743638791095784000,0
JRB,EsteMauder,Riverbend Recycling Center,1,14,17,47,0,4,0,12,39,JRB,1743649591095784000,0
JRB,EsteMauder,Neptune Shipping Terminal,1,14,17,47,0,4,0,12,39,JRB,1743649591095784000,0
JRB,EsteMauder,Riverbend Recycling Center,1,14,16,49,0,21,0,11,42,JRB,1743660391095784000,0
JRB,EsteMauder,Neptune Shipping Terminal,1,14,16,49,0,21,0,11,42,JRB,1743660391095784000,0
JRB,EsteMauder,Riverbend Recycling Center,1,16,16,50,0,53,0,11,46,JRB,1743671191095784000,0
JRB,EsteMauder,Neptune Shipping Terminal,1,16,16,50,0,53,0,11,46,JRB,1743671191095784000,0
JRB,EsteMauder,Riverbend Recycling Center,3,18,19,54,0,37,0,13,50,JRB,1743681991095784000,0
JRB,EsteMauder,Neptune Shipping Terminal,3,18,19,54,0,37,0,13,50,JRB,1743681991095784000,0
JRB,EsteMauder,Riverbend Recycling Center,5,20,21,59,0,59,0,14,56,JRB,1743692791095784000,0
JRB,EsteMauder,Neptune Shipping Terminal,5,20,21,59,0,59,0,14,56,JRB,1743692791095784000,0
JRB,EsteMauder,Riverbend Recycling Center,3,20,23,64,0,10,0,14,59,JRB,1743703591095784000,0
JRB,EsteMauder,Neptune Shipping Terminal,3,20,23,64,0,10,0,14,59,JRB,1743703591095784000,0
JRB,EsteMauder,Riverbend Recycling Center,4,22,22,69,0,12,0,14,61,JRB,1743714391095784000,0
JRB,EsteMauder,Neptune Shipping Terminal,4,22,22,69,0,12,0,14,61,JRB,1743714391095784000,0
JRB,EsteMauder,Riverbend Recycling Center,7,23,20,69,0,8,0,13,62,JRB,1743725191095784000,0
JRB,EsteMauder,Neptune Shipping Terminal,7,23,20,69,0,8,0,13,62,JRB,1743725191095784000,0
JRB,EsteMauder,Riverbend Recycling Center,9,24,16,68,0,26,0,11,61,JRB,1743735991095784000,0
JRB,EsteMauder,Neptune Shipping Terminal,9,24,16,68,0,26,0,11,61,JRB,1743735991095784000,0
JRB,EsteMauder,Riverbend Recycling Center,5,27,12,64,0,13,0,8,58,JRB,1743746791095784000,0
JRB,EsteMauder,Neptune Shipping Terminal,5,27,12,64,0,13,0,8,58,JRB,1743746791095784000,0
JRB,EsteMauder,Riverbend Recycling Center,7,30,11,60,0,33,0,7,52,JRB,1743757591095784000,0
JRB,EsteMauder,Neptune Shipping Terminal,7,30,11,60,0,33,0,7,52,JRB,1743757591095784000,0
JRB,EsteMauder,Riverbend Recycling Center,8,32,11,57,0,44,0,8,49,JRB,1743768391095784000,0
JRB,EsteMauder,Neptune Shipping Terminal,8,32,11,57,0,44,0,8,49,JRB,1743768391095784000,0
JRB,EsteMauder,Riverbend Recycling Center,4,31,11,56,0,34,0,7,47,JRB,1743779191095784000,0
JRB,EsteMauder,Neptune Shipping Terminal,4,31,11,56,0,34,0,7,47,JRB,1743779191095784000,0
JRB,EsteMauder,Riverbend Recycling Center,1,31,11,58,0,8,0,7,45,JRB,1743789991095784000,0
JRB,EsteMauder,Neptune Shipping Terminal,1,31,11,58,0,8,0,7,45,JRB,1743789991095784000,0
JRB,EsteMauder,Riverbend Recycling Center,0,31,9,61,0,6,0,6,43,JRB,1743800791095784000,0
JRB,EsteMauder,Neptune Shipping Terminal,0,31,9,61,0,6,0,6,43,JRB,1743800791095784000,0
JRB,EsteMauder,Riverbend Recycling Center,0,31,7,58,0,1,0,5,44,JRB,1743811591095784000,0
JRB,EsteMauder,Neptune Shipping Terminal,0,31,7,58,0,1,0,5,44,JRB,1743811591095784000,0
JRB,EsteMauder,Riverbend Recycling Center,1,3,7,56,0,2,0,5,43,JRB,1743822391095784000,0
JRB,EsteMauder,Neptune Shipping Terminal,1,3,7,56,0,2,0,5,43,JRB,1743822391095784000,0
JRB,EsteMauder,Riverbend Recycling Center,1,6,9,54,0,10,0,6,41,JRB,1743833191095784000,0
JRB,EsteMauder,Neptune Shipping Terminal,1,6,9,54,0,10,0,6,41,JRB,1743833191095784000,0
JRB,EsteMauder,Riverbend Recycling Center,1,8,13,52,0,44,0,9,39,JRB,1743843991095784000,0
JRB,EsteMauder,Neptune Shipping Terminal,1,8,13,52,0,44,0,9,39,JRB,1743843991095784000,0
JRB,EsteMauder,Riverbend Recycling Center,4,10,17,50,0,52,0,12,39,JRB,1743854791095784000,0
JRB,EsteMauder,Neptune Shipping Terminal,4,10,17,50,0,52,0,12,39,JRB,1743854791095784000,0
JRB,EsteMauder,Riverbend Recycling Center,4,11,18,49,0,67,0,12,40,JRB,1743865591095784000,0
JRB,EsteMauder,Neptune Shipping Terminal,4,11,18,49,0,67,0,12,40,JRB,1743865591095784000,0
JRB,EsteMauder,Riverbend Recycling Center,4,11,19,48,0,76,0,13,42,JRB,1743876391095784000,0
JRB,EsteMauder,Neptune Shipping Terminal,4,11,19,48,0,76,0,13,42,JRB,1743876391095784000,0
DAL,EsteMauder,Sunrise Logistics Hub,3,35,6,79,0,3,0,4,48,DAL,1743638791095784000,0
DAL,EsteMauder,Sunrise Logistics Hub,1,9,7,71,0,7,0,4,55,DAL,1743649591095784000,0
DAL,EsteMauder,Sunrise Logistics Hub,3,8,10,67,0,6,0,6,56,DAL,1743660391095784000,0
DAL,EsteMauder,Sunrise Logistics Hub,23,6,11,66,0,56,0,7,58,DAL,1743671191095784000,0
DAL,EsteMauder,Sunrise Logistics Hub,33,7,13,64,0,77,0,8,59,DAL,1743681991095784000,0
DAL,EsteMauder,Sunrise Logistics Hub,22,6,14,65,0,63,0,9,61,DAL,1743692791095784000,0
DAL,EsteMauder,Sunrise Logistics Hub,20,8,15,69,0,49,0,9,63,DAL,1743703591095784000,0
DAL,EsteMauder,Sunrise Logistics Hub,19,18,13,72,0,6,0,8,64,DAL,1743714391095784000,0
DAL,EsteMauder,Sunrise Logistics Hub,17,33,10,72,0,8,0,7,62,DAL,1743725191095784000,0
DAL,EsteMauder,Sunrise Logistics Hub,16,36,9,67,0,13,0,6,60,DAL,1743735991095784000,0
DAL,EsteMauder,Sunrise Logistics Hub,17,5,9,66,0,12,0,6,60,DAL,1743746791095784000,0
DAL,EsteMauder,Sunrise Logistics Hub,18,7,11,66,0,52,0,7,62,DAL,1743757591095784000,0
DAL,EsteMauder,Sunrise Logistics Hub,26,11,12,66,0,55,0,7,64,DAL,1743768391095784000,0
DAL,EsteMauder,Sunrise Logistics Hub,24,14,16,69,0,83,0,10,67,DAL,1743779191095784000,0
DAL,EsteMauder,Sunrise Logistics Hub,26,17,20,72,0,74,0,12,67,DAL,1743789991095784000,0
DAL,EsteMauder,Sunrise Logistics Hub,40,22,19,71,0,54,0,11,65,DAL,1743800791095784000,0
DAL,EsteMauder,Sunrise Logistics Hub,45,33,13,68,0,80,0,8,61,DAL,1743811591095784000,0
DAL,EsteMauder,Sunrise Logistics Hub,36,36,11,64,0,86,0,7,60,DAL,1743822391095784000,0
DAL,EsteMauder,Sunrise Logistics Hub,29,36,10,62,0,96,0,7,59,DAL,1743833191095784000,0
DAL,EsteMauder,Sunrise Logistics Hub,36,35,14,61,0,97,0,9,58,DAL,1743843991095784000,0
DAL,EsteMauder,Sunrise Logistics Hub,36,36,16,58,0,94,0,10,56,DAL,1743854791095784000,0
DAL,EsteMauder,Sunrise Logistics Hub,20,36,19,59,0,76,0,11,55,DAL,1743865591095784000,0
DAL,EsteMauder,Sunrise Logistics Hub,8,35,20,61,0,67,0,11,54,DAL,1743876391095784000,0
BDU,EsteMauder,Northpoint Warehouse,1,29,16,46,0,0,0,8,8,BDU,1743638791095784000,0
BDU,EsteMauder,Northpoint Warehouse,0,32,7,38,0,0,0,3,12,BDU,1743649591095784000,0
BDU,EsteMauder,Northpoint Warehouse,0,26,4,35,0,0,0,1,15,BDU,1743660391095784000,0
BDU,EsteMauder,Northpoint Warehouse,0,23,2,33,5,0,0,1,15,BDU,1743671191095784000,0
BDU,EsteMauder,Northpoint Warehouse,0,0,1,31,4,0,0,0,16,BDU,1743681991095784000,0
BDU,EsteMauder,Northpoint Warehouse,0,0,3,38,13,0,0,0,18,BDU,1743692791095784000,0
BDU,EsteMauder,Northpoint Warehouse,2,6,10,39,47,3,0,5,22,BDU,1743703591095784000,0
BDU,EsteMauder,Northpoint Warehouse,5,6,12,40,11,36,0,6,26,BDU,1743714391095784000,0
BDU,EsteMauder,Northpoint Warehouse,8,4,11,38,12,35,0,5,27,BDU,1743725191095784000,0
BDU,EsteMauder,Northpoint Warehouse,6,36,6,35,27,27,0,2,29,BDU,1743735991095784000,0
BDU,EsteMauder,Northpoint Warehouse,2,36,4,33,11,6,0,1,28,BDU,1743746791095784000,0
BDU,EsteMauder,Northpoint Warehouse,1,30,3,31,7,5,0,1,26,BDU,1743757591095784000,0
BDU,EsteMauder,Northpoint Warehouse,0,30,3,29,6,1,0,1,25,BDU,1743768391095784000,0
BDU,EsteMauder,Northpoint Warehouse,1,4,5,35,25,8,0,2,27,BDU,1743779191095784000,0
BDU,EsteMauder,Northpoint Warehouse,3,3,16,37,68,29,0,9,27,BDU,1743789991095784000,0
BDU,EsteMauder,Northpoint Warehouse,5,3,20,38,34,49,0,12,26,BDU,1743800791095784000,0
BDU,EsteMauder,Northpoint Warehouse,4,3,23,36,40,43,0,12,25,BDU,1743811591095784000,0
BDU,EsteMauder,Northpoint Warehouse,5,2,16,33,90,8,0,7,24,BDU,1743822391095784000,0
BDU,EsteMauder,Northpoint Warehouse,3,3,9,30,98,0,0,4,23,BDU,1743833191095784000,0
BDU,EsteMauder,Northpoint Warehouse,1,2,6,28,82,0,0,2,22,BDU,1743843991095784000,0
BDU,EsteMauder,Northpoint Warehouse,1,3,3,25,73,0,0,1,21,BDU,1743854791095784000,0
BDU,EsteMauder,Northpoint Warehouse,1,5,3,30,33,0,0,1,20,BDU,1743865591095784000,0
BDU,EsteMauder,Northpoint Warehouse,1,8,6,36,27,1,0,3,19,BDU,1743876391095784000,0
BUF,EsteMauder,Ironclad Foundry,15,15,23,48,0,46,0,14,39,BUF,1743638791095784000,0
BUF,EsteMauder,Highland Data Center,15,15,23,48,0,46,0,14,39,BUF,1743638791095784000,0
BUF,EsteMauder,Ironclad Foundry,19,18,30,52,0,40,0,18,42,BUF,1743649591095784000,0
BUF,EsteMauder,Highland Data Center,19,18,30,52,0,40,0,18,42,BUF,1743649591095784000,0
BUF,EsteMauder,Ironclad Foundry,20,19,33,55,0,31,0,19,46,BUF,1743660391095784000,0
BUF,EsteMauder,Highland Data Center,20,19,33,55,0,31,0,19,46,BUF,1743660391095784000,0
BUF,EsteMauder,Ironclad Foundry,18,20,33,58,0,84,0,19,50,BUF,1743671191095784000,0
BUF,EsteMauder,Highland Data Center,18,20,33,58,0,84,0,19,50,BUF,1743671191095784000,0
BUF,EsteMauder,Ironclad Foundry,7,21,34,60,0,60,0,19,53,BUF,1743681991095784000,0
BUF,EsteMauder,Highland Data Center,7,21,34,60,0,60,0,19,53,BUF,1743681991095784000,0
BUF,EsteMauder,Ironclad Foundry,5,24,31,61,0,47,0,19,54,BUF,1743692791095784000,0
BUF,EsteMauder,Highland Data Center,5,24,31,61,0,47,0,19,54,BUF,1743692791095784000,0
BUF,EsteMauder,Ironclad Foundry,3,24,32,58,0,4,0,20,49,BUF,1743703591095784000,0
BUF,EsteMauder,Highland Data Center,3,24,32,58,0,4,0,20,49,BUF,1743703591095784000,0
BUF,EsteMauder,Ironclad Foundry,0,24,30,56,0,1,0,18,43,BUF,1743714391095784000,0
BUF,EsteMauder,Highland Data Center,0,24,30,56,0,1,0,18,43,BUF,1743714391095784000,0
BUF,EsteMauder,Ironclad Foundry,0,25,21,51,0,0,0,14,39,BUF,1743725191095784000,0
BUF,EsteMauder,Highland Data Center,0,25,21,51,0,0,0,14,39,BUF,1743725191095784000,0
BUF,EsteMauder,Ironclad Foundry,0,28,12,49,0,3,0,9,38,BUF,1743735991095784000,0
BUF,EsteMauder,Highland Data Center,0,28,12,49,0,3,0,9,38,BUF,1743735991095784000,0
BUF,EsteMauder,Ironclad Foundry,0,28,6,44,0,3,0,6,35,BUF,1743746791095784000,0
BUF,EsteMauder,Highland Data Center,0,28,6,44,0,3,0,6,35,BUF,1743746791095784000,0
BUF,EsteMauder,Ironclad Foundry,0,30,4,42,0,5,0,4,33,BUF,1743757591095784000,0
BUF,EsteMauder,Highland Data Center,0,30,4,42,0,5,0,4,33,BUF,1743757591095784000,0
BUF,EsteMauder,Ironclad Foundry,0,30,4,40,0,7,0,3,32,BUF,1743768391095784000,0
BUF,EsteMauder,Highland Data Center,0,30,4,40,0,7,0,3,32,BUF,1743768391095784000,0
BUF,EsteMauder,Ironclad Foundry,0,34,5,46,0,12,0,5,31,BUF,1743779191095784000,0
BUF,EsteMauder,Highland Data Center,0,34,5,46,0,12,0,5,31,BUF,1743779191095784000,0
BUF,EsteMauder,Ironclad Foundry,0,36,7,51,0,0,0,6,31,BUF,1743789991095784000,0
BUF,EsteMauder,Highland Data Center,0,36,7,51,0,0,0,6,31,BUF,1743789991095784000,0
BUF,EsteMauder,Ironclad Foundry,0,3,8,53,0,1,0,7,30,BUF,1743800791095784000,0
BUF,EsteMauder,Highland Data Center,0,3,8,53,0,1,0,7,30,BUF,1743800791095784000,0
BUF,EsteMauder,Ironclad Foundry,0,6,7,48,0,3,0,7,31,BUF,1743811591095784000,0
BUF,EsteMauder,Highland Data Center,0,6,7,48,0,3,0,7,31,BUF,1743811591095784000,0
BUF,EsteMauder,Ironclad Foundry,0,8,9,46,0,33,0,7,31,BUF,1743822391095784000,0
BUF,EsteMauder,Highland Data Center,0,8,9,46,0,33,0,7,31,BUF,1743822391095784000,0
BUF,EsteMauder,Ironclad Foundry,1,9,11,46,0,53,0,8,33,BUF,1743833191095784000,0
BUF,EsteMauder,Highland Data Center,1,9,11,46,0,53,0,8,33,BUF,1743833191095784000,0
BUF,EsteMauder,Ironclad Foundry,5,10,12,46,0,90,0,9,37,BUF,1743843991095784000,0
BUF,EsteMauder,Highland Data Center,5,10,12,46,0,90,0,9,37,BUF,1743843991095784000,0
BUF,EsteMauder,Ironclad Foundry,15,14,14,49,0,99,0,10,42,BUF,1743854791095784000,0
BUF,EsteMauder,Highland Data Center,15,14,14,49,0,99,0,10,42,BUF,1743854791095784000,0
BUF,EsteMauder,Ironclad Foundry,8,18,16,55,0,98,0,11,47,BUF,1743865591095784000,0
BUF,EsteMauder,Highland Data Center,8,18,16,55,0,98,0,11,47,BUF,1743865591095784000,0
BUF,EsteMauder,Ironclad Foundry,8,21,19,58,0,79,0,12,50,BUF,1743876391095784000,0
BUF,EsteMauder,Highland Data Center,8,21,19,58,0,79,0,12,50,BUF,1743876391095784000,0
CQT,EsteMauder,Starview Aerospace Facility,2,26,24,62,0,0,0,13,42,CQT,1743638791095784000,0
CQT,EsteMauder,Starview Aerospace Facility,1,30,18,57,0,0,0,10,42,CQT,1743649591095784000,0
CQT,EsteMauder,Starview Aerospace Facility,1,27,10,53,0,0,0,4,42,CQT,1743660391095784000,0
CQT,EsteMauder,Starview Aerospace Facility,0,5,7,51,0,0,0,3,43,CQT,1743671191095784000,0
CQT,EsteMauder,Starview Aerospace Facility,0,7,6,48,0,0,0,2,43,CQT,1743681991095784000,0
CQT,EsteMauder,Starview Aerospace Facility,0,8,6,51,0,1,0,2,44,CQT,1743692791095784000,0
CQT,EsteMauder,Starview Aerospace Facility,1,12,7,60,0,1,0,3,45,CQT,1743703591095784000,0
CQT,EsteMauder,Starview Aerospace Facility,3,21,13,64,0,18,0,8,45,CQT,1743714391095784000,0
CQT,EsteMauder,Starview Aerospace Facility,7,25,14,60,0,18,0,8,46,CQT,1743725191095784000,0
CQT,EsteMauder,Starview Aerospace Facility,3,23,8,56,0,0,0,4,47,CQT,1743735991095784000,0
CQT,EsteMauder,Starview Aerospace Facility,1,9,5,53,0,0,0,2,48,CQT,1743746791095784000,0
CQT,EsteMauder,Starview Aerospace Facility,0,6,4,51,0,16,0,1,47,CQT,1743757591095784000,0
CQT,EsteMauder,Starview Aerospace Facility,0,6,4,49,0,16,0,2,46,CQT,1743768391095784000,0
CQT,EsteMauder,Starview Aerospace Facility,0,7,5,51,0,0,0,2,46,CQT,1743779191095784000,0
CQT,EsteMauder,Starview Aerospace Facility,0,20,6,62,0,0,0,2,47,CQT,1743789991095784000,0
CQT,EsteMauder,Starview Aerospace Facility,0,23,14,66,0,0,0,8,47,CQT,1743800791095784000,0
CQT,EsteMauder,Starview Aerospace Facility,1,25,18,64,0,0,0,10,47,CQT,1743811591095784000,0
CQT,EsteMauder,Starview Aerospace Facility,0,27,13,59,0,0,0,6,46,CQT,1743822391095784000,0
CQT,EsteMauder,Starview Aerospace Facility,0,32,6,56,0,0,0,3,45,CQT,1743833191095784000,0
CQT,EsteMauder,Starview Aerospace Facility,0,7,6,52,0,0,0,2,45,CQT,1743843991095784000,0
CQT,EsteMauder,Starview Aerospace Facility,0,4,6,50,0,0,0,2,44,CQT,1743854791095784000,0
CQT,EsteMauder,Starview Aerospace Facility,0,3,6,54,0,0,0,2,44,CQT,1743865591095784000,0
CQT,EsteMauder,Starview Aerospace Facility,0,23,6,67,0,0,0,3,44,CQT,1743876391095784000,0
SFF,EsteMauder,Redwood Aviation Complex,10,25,12,52,0,9,0,9,32,SFF,1743638791095784000,0
SFF,EsteMauder,Redwood Aviation Complex,6,20,8,46,0,17,0,4,34,SFF,1743649591095784000,0
SFF,EsteMauder,Redwood Aviation Complex,4,23,6,43,0,7,0,3,35,SFF,1743660391095784000,0
SFF,EsteMauder,Redwood Aviation Complex,3,23,5,40,0,19,0,3,34,SFF,1743671191095784000,0
SFF,EsteMauder,Redwood Aviation Complex,3,22,4,37,0,2,0,2,33,SFF,1743681991095784000,0
SFF,EsteMauder,Redwood Aviation Complex,2,23,5,40,0,3,0,2,34,SFF,1743692791095784000,0
SFF,EsteMauder,Redwood Aviation Complex,1,28,7,48,0,4,0,4,33,SFF,1743703591095784000,0
SFF,EsteMauder,Redwood Aviation Complex,6,32,8,53,0,3,0,4,29,SFF,1743714391095784000,0
SFF,EsteMauder,Redwood Aviation Complex,4,36,8,52,0,16,0,5,29,SFF,1743725191095784000,0
SFF,EsteMauder,Redwood Aviation Complex,2,6,4,45,0,0,0,1,31,SFF,1743735991095784000,0
SFF,EsteMauder,Redwood Aviation Complex,0,1,3,40,0,0,0,1,31,SFF,1743746791095784000,0
SFF,EsteMauder,Redwood Aviation Complex,0,0,2,36,0,0,0,0,29,SFF,1743757591095784000,0
SFF,EsteMauder,Redwood Aviation Complex,0,0,2,32,0,0,0,0,28,SFF,1743768391095784000,0
SFF,EsteMauder,Redwood Aviation Complex,0,0,3,38,0,0,0,0,30,SFF,1743779191095784000,0
SFF,EsteMauder,Redwood Aviation Complex,0,7,5,50,0,0,0,2,30,SFF,1743789991095784000,0
SFF,EsteMauder,Redwood Aviation Complex,0,2,5,57,0,0,0,1,27,SFF,1743800791095784000,0
SFF,EsteMauder,Redwood Aviation Complex,0,36,5,57,0,0,0,2,25,SFF,1743811591095784000,0
SFF,EsteMauder,Redwood Aviation Complex,0,0,2,49,0,0,0,0,29,SFF,1743822391095784000,0
SFF,EsteMauder,Redwood Aviation Complex,0,0,2,42,0,0,0,0,30,SFF,1743833191095784000,0
SFF,EsteMauder,Redwood Aviation Complex,0,0,2,38,0,0,0,0,29,SFF,1743843991095784000,0
SFF,EsteMauder,Redwood Aviation Complex,0,0,2,34,0,0,0,0,29,SFF,1743854791095784000,0
SFF,EsteMauder,Redwood Aviation Complex,0,0,2,40,0,0,0,0,30,SFF,1743865591095784000,0
SFF,EsteMauder,Redwood Aviation Complex,0,0,3,54,0,0,0,0,31,SFF,1743876391095784000,0
TPF,EsteMauder,Summerset Cold Storage,13,20,7,81,0,19,0,5,70,TPF,1743638791095784000,0
TPF,EsteMauder,Summerset Cold Storage,6,12,10,79,0,3,0,7,69,TPF,1743649591095784000,0
TPF,EsteMauder,Summerset Cold Storage,1,13,13,75,0,2,0,9,69,TPF,1743660391095784000,0
TPF,EsteMauder,Summerset Cold Storage,0,12,13,73,0,0,0,9,69,TPF,1743671191095784000,0
TPF,EsteMauder,Summerset Cold Storage,0,12,13,73,0,0,0,9,69,TPF,1743681991095784000,0
TPF,EsteMauder,Summerset Cold Storage,0,14,15,80,0,0,0,10,69,TPF,1743692791095784000,0
TPF,EsteMauder,Summerset Cold Storage,1,14,13,85,0,0,0,9,67,TPF,1743703591095784000,0
TPF,EsteMauder,Summerset Cold Storage,2,17,12,87,0,1,0,8,66,TPF,1743714391095784000,0
TPF,EsteMauder,Summerset Cold Storage,3,18,8,83,0,2,0,6,68,TPF,1743725191095784000,0
TPF,EsteMauder,Summerset Cold Storage,1,12,9,79,0,19,0,6,69,TPF,1743735991095784000,0
TPF,EsteMauder,Summerset Cold Storage,0,12,11,75,0,1,0,8,69,TPF,1743746791095784000,0
TPF,EsteMauder,Summerset Cold Storage,0,11,11,73,0,0,0,8,68,TPF,1743757591095784000,0
TPF,EsteMauder,Summerset Cold Storage,0,11,12,73,0,16,0,8,68,TPF,1743768391095784000,0
TPF,EsteMauder,Summerset Cold Storage,0,13,13,79,0,0,0,9,66,TPF,1743779191095784000,0
TPF,EsteMauder,Summerset Cold Storage,0,14,12,85,0,0,0,8,64,TPF,1743789991095784000,0
TPF,EsteMauder,Summerset Cold Storage,0,15,11,87,0,0,0,7,63,TPF,1743800791095784000,0
TPF,EsteMauder,Summerset Cold Storage,0,17,9,83,0,1,0,6,66,TPF,1743811591095784000,0
TPF,EsteMauder,Summerset Cold Storage,0,11,8,78,0,1,0,5,67,TPF,1743822391095784000,0
TPF,EsteMauder,Summerset Cold Storage,0,12,11,75,0,1,0,7,67,TPF,1743833191095784000,0
TPF,EsteMauder,Summerset Cold Storage,0,13,11,72,0,0,0,7,67,TPF,1743843991095784000,0
TPF,EsteMauder,Summerset Cold Storage,0,13,12,72,0,0,0,8,68,TPF,1743854791095784000,0
TPF,EsteMauder,Summerset Cold Storage,0,15,14,79,0,1,0,9,67,TPF,1743865591095784000,0
TPF,EsteMauder,Summerset Cold Storage,0,17,13,85,0,1,0,9,64,TPF,1743876391095784000,0
BKF,EsteMauder,Aspen Biotech Center,0,17,6,30,3,0,0,3,16,BKF,1743671191095784000,0
BKF,EsteMauder,Western Energy Refinery,0,17,6,30,3,0,0,3,16,BKF,1743671191095784000,0
BKF,EsteMauder,Aspen Biotech Center,0,14,6,30,3,0,0,3,16,BKF,1743681991095784000,0
BKF,EsteMauder,Western Energy Refinery,0,14,6,30,3,0,0,3,16,BKF,1743681991095784000,0
BKF,EsteMauder,Aspen Biotech Center,1,8,9,36,34,0,0,4,20,BKF,1743692791095784000,0
BKF,EsteMauder,Western Energy Refinery,1,8,9,36,34,0,0,4,20,BKF,1743692791095784000,0
BKF,EsteMauder,Aspen Biotech Center,2,5,14,38,46,20,0,9,22,BKF,1743703591095784000,0
BKF,EsteMauder,Western Energy Refinery,2,5,14,38,46,20,0,9,22,BKF,1743703591095784000,0
BKF,EsteMauder,Aspen Biotech Center,5,4,16,40,32,12,0,10,25,BKF,1743714391095784000,0
BKF,EsteMauder,Western Energy Refinery,5,4,16,40,32,12,0,10,25,BKF,1743714391095784000,0
BKF,EsteMauder,Aspen Biotech Center,10,2,14,37,46,28,0,10,26,BKF,1743725191095784000,0
BKF,EsteMauder,Western Energy Refinery,10,2,14,37,46,28,0,10,26,BKF,1743725191095784000,0
BKF,EsteMauder,Aspen Biotech Center,5,3,10,33,24,6,0,6,27,BKF,1743735991095784000,0
BKF,EsteMauder,Western Energy Refinery,5,3,10,33,24,6,0,6,27,BKF,1743735991095784000,0
BKF,EsteMauder,Aspen Biotech Center,1,32,8,32,27,21,0,4,28,BKF,1743746791095784000,0
BKF,EsteMauder,Western Energy Refinery,1,32,8,32,27,21,0,4,28,BKF,1743746791095784000,0
BKF,EsteMauder,Aspen Biotech Center,1,28,7,31,7,2,0,4,27,BKF,1743757591095784000,0
BKF,EsteMauder,Western Energy Refinery,1,28,7,31,7,2,0,4,27,BKF,1743757591095784000,0
BKF,EsteMauder,Aspen Biotech Center,1,32,8,30,7,0,0,5,26,BKF,1743768391095784000,0
BKF,EsteMauder,Western Energy Refinery,1,32,8,30,7,0,0,5,26,BKF,1743768391095784000,0
BKF,EsteMauder,Aspen Biotech Center,1,35,12,34,55,2,0,7,28,BKF,1743779191095784000,0
BKF,EsteMauder,Western Energy Refinery,1,35,12,34,55,2,0,7,28,BKF,1743779191095784000,0
BKF,EsteMauder,Aspen Biotech Center,3,35,20,37,54,10,0,13,25,BKF,1743789991095784000,0
BKF,EsteMauder,Western Energy Refinery,3,35,20,37,54,10,0,13,25,BKF,1743789991095784000,0
BKF,EsteMauder,Aspen Biotech Center,6,1,24,38,62,29,0,16,23,BKF,1743800791095784000,0
BKF,EsteMauder,Western Energy Refinery,6,1,24,38,62,29,0,16,23,BKF,1743800791095784000,0
BKF,EsteMauder,Aspen Biotech Center,6,2,25,34,52,28,0,17,23,BKF,1743811591095784000,0
BKF,EsteMauder,Western Energy Refinery,6,2,25,34,52,28,0,17,23,BKF,1743811591095784000,0
BKF,EsteMauder,Aspen Biotech Center,5,2,24,30,85,14,0,16,22,BKF,1743822391095784000,0
BKF,EsteMauder,Western Energy Refinery,5,2,24,30,85,14,0,16,22,BKF,1743822391095784000,0
BKF,EsteMauder,Aspen Biotech Center,3,2,20,28,94,0,0,13,22,BKF,1743833191095784000,0
BKF,EsteMauder,Western Energy Refinery,3,2,20,28,94,0,0,13,22,BKF,1743833191095784000,0
BKF,EsteMauder,Aspen Biotech Center,2,36,16,26,87,0,0,10,20,BKF,1743843991095784000,0
BKF,EsteMauder,Western Energy Refinery,2,36,16,26,87,0,0,10,20,BKF,1743843991095784000,0
BKF,EsteMauder,Aspen Biotech Center,1,1,13,25,78,0,0,8,18,BKF,1743854791095784000,0
BKF,EsteMauder,Western Energy Refinery,1,1,13,25,78,0,0,8,18,BKF,1743854791095784000,0
BKF,EsteMauder,Aspen Biotech Center,1,36,12,28,39,0,0,7,18,BKF,1743865591095784000,0
BKF,EsteMauder,Western Energy Refinery,1,36,12,28,39,0,0,7,18,BKF,1743865591095784000,0
BKF,EsteMauder,Aspen Biotech Center,0,34,12,34,33,0,0,7,15,BKF,1743876391095784000,0
BKF,EsteMauder,Western Energy Refinery,0,34,12,34,33,0,0,7,15,BKF,1743876391095784000,0
ATT,EsteMauder,Willow Creek Textile Mill,13,9,8,83,0,3,0,4,66,ATT,1743638791095784000,0
ATT,EsteMauder,Willow Creek Textile Mill,12,10,10,76,0,8,0,5,67,ATT,1743649591095784000,0
ATT,EsteMauder,Willow Creek Textile Mill,9,14,14,74,0,14,0,6,69,ATT,1743660391095784000,0
ATT,EsteMauder,Willow Creek Textile Mill,16,16,13,73,0,17,0,6,70,ATT,1743671191095784000,0
ATT,EsteMauder,Willow Creek Textile Mill,14,16,11,72,0,18,0,4,69,ATT,1743681991095784000,0
ATT,EsteMauder,Willow Creek Textile Mill,11,17,10,74,0,17,0,4,69,ATT,1743692791095784000,0
ATT,EsteMauder,Willow Creek Textile Mill,9,17,11,81,0,17,0,4,69,ATT,1743703591095784000,0
ATT,EsteMauder,Willow Creek Textile Mill,4,15,11,87,0,0,0,4,66,ATT,1743714391095784000,0
ATT,EsteMauder,Willow Creek Textile Mill,5,14,10,86,0,0,0,4,65,ATT,1743725191095784000,0
ATT,EsteMauder,Willow Creek Textile Mill,8,14,13,78,0,17,0,6,68,ATT,1743735991095784000,0
ATT,EsteMauder,Willow Creek Textile Mill,11,15,15,75,0,17,0,7,70,ATT,1743746791095784000,0
ATT,EsteMauder,Willow Creek Textile Mill,16,15,17,74,0,28,0,7,71,ATT,1743757591095784000,0
ATT,EsteMauder,Willow Creek Textile Mill,17,15,16,73,0,42,0,7,70,ATT,1743768391095784000,0
ATT,EsteMauder,Willow Creek Textile Mill,14,16,19,75,0,46,0,8,70,ATT,1743779191095784000,0
ATT,EsteMauder,Willow Creek Textile Mill,16,17,21,81,0,57,0,8,70,ATT,1743789991095784000,0
ATT,EsteMauder,Willow Creek Textile Mill,20,18,21,84,0,32,0,9,68,ATT,1743800791095784000,0
ATT,EsteMauder,Willow Creek Textile Mill,20,15,18,81,0,36,0,8,67,ATT,1743811591095784000,0
ATT,EsteMauder,Willow Creek Textile Mill,22,14,18,74,0,46,0,8,67,ATT,1743822391095784000,0
ATT,EsteMauder,Willow Creek Textile Mill,19,15,17,72,0,54,0,7,69,ATT,1743833191095784000,0
ATT,EsteMauder,Willow Creek Textile Mill,23,18,17,70,0,74,0,7,67,ATT,1743843991095784000,0
ATT,EsteMauder,Willow Creek Textile Mill,26,28,15,67,0,65,0,6,65,ATT,1743854791095784000,0
ATT,EsteMauder,Willow Creek Textile Mill,15,32,16,65,0,32,0,7,59,ATT,1743865591095784000,0
ATT,EsteMauder,Willow Creek Textile Mill,9,33,17,70,0,28,0,7,57,ATT,1743876391095784000,0
SAN,EsteMauder,Maplewood Packaging Plant,1,27,17,60,0,0,0,11,45,SAN,1743638791095784000,0
SAN,EsteMauder,Maplewood Packaging Plant,2,27,14,57,0,19,0,9,47,SAN,1743649591095784000,0
SAN,EsteMauder,Maplewood Packaging Plant,5,25,11,57,0,7,0,7,48,SAN,1743660391095784000,0
SAN,EsteMauder,Maplewood Packaging Plant,5,26,10,56,0,19,0,6,47,SAN,1743671191095784000,0
SAN,EsteMauder,Maplewood Packaging Plant,4,25,9,52,0,12,0,5,47,SAN,1743681991095784000,0
SAN,EsteMauder,Maplewood Packaging Plant,4,23,7,55,0,9,0,4,47,SAN,1743692791095784000,0
SAN,EsteMauder,Maplewood Packaging Plant,3,23,9,59,0,6,0,6,47,SAN,1743703591095784000,0
SAN,EsteMauder,Maplewood Packaging Plant,4,23,14,61,0,0,0,9,47,SAN,1743714391095784000,0
SAN,EsteMauder,Maplewood Packaging Plant,5,24,11,59,0,0,0,8,47,SAN,1743725191095784000,0
SAN,EsteMauder,Maplewood Packaging Plant,2,23,5,57,0,0,0,3,48,SAN,1743735991095784000,0
SAN,EsteMauder,Maplewood Packaging Plant,0,12,4,55,0,0,0,1,48,SAN,1743746791095784000,0
SAN,EsteMauder,Maplewood Packaging Plant,0,0,4,53,0,0,0,0,47,SAN,1743757591095784000,0
SAN,EsteMauder,Maplewood Packaging Plant,0,0,4,50,0,0,0,0,46,SAN,1743768391095784000,0
SAN,EsteMauder,Maplewood Packaging Plant,0,9,4,53,0,0,0,1,47,SAN,1743779191095784000,0
SAN,EsteMauder,Maplewood Packaging Plant,0,27,5,61,0,0,0,4,48,SAN,1743789991095784000,0
SAN,EsteMauder,Maplewood Packaging Plant,1,27,12,63,0,0,0,8,49,SAN,1743800791095784000,0
SAN,EsteMauder,Maplewood Packaging Plant,2,28,11,62,0,0,0,8,50,SAN,1743811591095784000,0
SAN,EsteMauder,Maplewood Packaging Plant,0,31,6,58,0,0,0,3,50,SAN,1743822391095784000,0
SAN,EsteMauder,Maplewood Packaging Plant,0,35,4,56,0,0,0,2,50,SAN,1743833191095784000,0
SAN,EsteMauder,Maplewood Packaging Plant,0,4,4,54,0,0,0,1,48,SAN,1743843991095784000,0
SAN,EsteMauder,Maplewood Packaging Plant,0,6,4,51,0,0,0,1,47,SAN,1743854791095784000,0
SAN,EsteMauder,Maplewood Packaging Plant,0,6,4,54,0,0,0,1,48,SAN,1743865591095784000,0
SAN,EsteMauder,Maplewood Packaging Plant,0,27,5,64,0,0,0,4,49,SAN,1743876391095784000,0
FTY,EsteMauder,Metro Auto Assembly,15,16,17,81,0,5,0,8,59,FTY,1743638791095784000,0
FTY,EsteMauder,Metro Auto Assembly,10,16,16,75,0,1,0,8,62,FTY,1743649591095784000,0
FTY,EsteMauder,Metro Auto Assembly,2,17,15,70,0,1,0,7,62,FTY,1743660391095784000,0
FTY,EsteMauder,Metro Auto Assembly,1,15,13,67,0,0,0,5,62,FTY,1743671191095784000,0
FTY,EsteMauder,Metro Auto Assembly,1,16,12,67,0,0,0,5,63,FTY,1743681991095784000,0
FTY,EsteMauder,Metro Auto Assembly,1,19,17,75,0,0,0,9,64,FTY,1743692791095784000,0
FTY,EsteMauder,Metro Auto Assembly,4,19,20,81,0,20,0,11,62,FTY,1743703591095784000,0
FTY,EsteMauder,Metro Auto Assembly,5,19,19,86,0,0,0,10,59,FTY,1743714391095784000,0
FTY,EsteMauder,Metro Auto Assembly,7,17,13,82,0,0,0,6,58,FTY,1743725191095784000,0
FTY,EsteMauder,Metro Auto Assembly,3,17,12,75,0,0,0,5,60,FTY,1743735991095784000,0
FTY,EsteMauder,Metro Auto Assembly,1,18,12,70,0,0,0,4,61,FTY,1743746791095784000,0
FTY,EsteMauder,Metro Auto Assembly,0,18,9,67,0,0,0,3,61,FTY,1743757591095784000,0
FTY,EsteMauder,Metro Auto Assembly,0,16,8,66,0,17,0,2,62,FTY,1743768391095784000,0
FTY,EsteMauder,Metro Auto Assembly,0,18,13,77,0,0,0,7,63,FTY,1743779191095784000,0
FTY,EsteMauder,Metro Auto Assembly,2,18,17,84,0,13,0,9,60,FTY,1743789991095784000,0
FTY,EsteMauder,Metro Auto Assembly,4,18,16,87,0,19,0,9,58,FTY,1743800791095784000,0
FTY,EsteMauder,Metro Auto Assembly,4,17,12,82,0,13,0,5,57,FTY,1743811591095784000,0
FTY,EsteMauder,Metro Auto Assembly,2,17,11,75,0,18,0,4,59,FTY,1743822391095784000,0
FTY,EsteMauder,Metro Auto Assembly,1,18,11,70,0,0,0,4,59,FTY,1743833191095784000,0
FTY,EsteMauder,Metro Auto Assembly,0,18,10,67,0,0,0,3,58,FTY,1743843991095784000,0
FTY,EsteMauder,Metro Auto Assembly,0,16,10,65,0,0,0,4,59,FTY,1743854791095784000,0
FTY,EsteMauder,Metro Auto Assembly,1,18,16,77,0,0,0,8,60,FTY,1743865591095784000,0
FTY,EsteMauder,Metro Auto Assembly,3,19,21,84,0,0,0,11,57,FTY,1743876391095784000,0
LUK,EsteMauder,Golden Plains Agribusiness,36,19,24,76,0,21,0,14,61,LUK,1743638791095784000,0
LUK,EsteMauder,Crimson Electronics Lab,36,19,24,76,0,21,0,14,61,LUK,1743638791095784000,0
LUK,EsteMauder,Golden Plains Agribusiness,29,19,27,72,0,24,0,15,61,LUK,1743649591095784000,0
LUK,EsteMauder,Crimson Electronics Lab,29,19,27,72,0,24,0,15,61,LUK,1743649591095784000,0
LUK,EsteMauder,Golden Plains Agribusiness,38,22,30,68,0,84,0,16,62,LUK,1743660391095784000,0
LUK,EsteMauder,Crimson Electronics Lab,38,22,30,68,0,84,0,16,62,LUK,1743660391095784000,0
LUK,EsteMauder,Golden Plains Agribusiness,33,21,24,67,0,54,0,13,62,LUK,1743671191095784000,0
LUK,EsteMauder,Crimson Electronics Lab,33,21,24,67,0,54,0,13,62,LUK,1743671191095784000,0
LUK,EsteMauder,Golden Plains Agribusiness,16,23,16,65,0,60,0,9,61,LUK,1743681991095784000,0
LUK,EsteMauder,Crimson Electronics Lab,16,23,16,65,0,60,0,9,61,LUK,1743681991095784000,0
LUK,EsteMauder,Golden Plains Agribusiness,6,27,12,66,0,16,0,7,58,LUK,1743692791095784000,0
LUK,EsteMauder,Crimson Electronics Lab,6,27,12,66,0,16,0,7,58,LUK,1743692791095784000,0
LUK,EsteMauder,Golden Plains Agribusiness,2,27,10,68,0,11,0,6,54,LUK,1743703591095784000,0
LUK,EsteMauder,Crimson Electronics Lab,2,27,10,68,0,11,0,6,54,LUK,1743703591095784000,0
LUK,EsteMauder,Golden Plains Agribusiness,8,28,8,67,0,18,0,4,53,LUK,1743714391095784000,0
LUK,EsteMauder,Crimson Electronics Lab,8,28,8,67,0,18,0,4,53,LUK,1743714391095784000,0
LUK,EsteMauder,Golden Plains Agribusiness,15,30,6,61,0,47,0,3,51,LUK,1743725191095784000,0
LUK,EsteMauder,Crimson Electronics Lab,15,30,6,61,0,47,0,3,51,LUK,1743725191095784000,0
LUK,EsteMauder,Golden Plains Agribusiness,21,2,7,56,0,54,0,3,50,LUK,1743735991095784000,0
LUK,EsteMauder,Crimson Electronics Lab,21,2,7,56,0,54,0,3,50,LUK,1743735991095784000,0
LUK,EsteMauder,Golden Plains Agribusiness,25,7,9,55,0,97,0,5,50,LUK,1743746791095784000,0
LUK,EsteMauder,Crimson Electronics Lab,25,7,9,55,0,97,0,5,50,LUK,1743746791095784000,0
LUK,EsteMauder,Golden Plains Agribusiness,20,6,10,54,0,61,0,6,50,LUK,1743757591095784000,0
LUK,EsteMauder,Crimson Electronics Lab,20,6,10,54,0,61,0,6,50,LUK,1743757591095784000,0
LUK,EsteMauder,Golden Plains Agribusiness,17,6,11,53,0,68,0,6,50,LUK,1743768391095784000,0
LUK,EsteMauder,Crimson Electronics Lab,17,6,11,53,0,68,0,6,50,LUK,1743768391095784000,0
LUK,EsteMauder,Golden Plains Agribusiness,11,8,11,56,0,74,0,6,53,LUK,1743779191095784000,0
LUK,EsteMauder,Crimson Electronics Lab,11,8,11,56,0,74,0,6,53,LUK,1743779191095784000,0
LUK,EsteMauder,Golden Plains Agribusiness,12,9,11,62,0,57,0,6,54,LUK,1743789991095784000,0
LUK,EsteMauder,Crimson Electronics Lab,12,9,11,62,0,57,0,6,54,LUK,1743789991095784000,0
LUK,EsteMauder,Golden Plains Agribusiness,26,10,11,64,0,66,0,6,56,LUK,1743800791095784000,0
LUK,EsteMauder,Crimson Electronics Lab,26,10,11,64,0,66,0,6,56,LUK,1743800791095784000,0
LUK,EsteMauder,Golden Plains Agribusiness,27,12,10,64,0,37,0,5,57,LUK,1743811591095784000,0
LUK,EsteMauder,Crimson Electronics Lab,27,12,10,64,0,37,0,5,57,LUK,1743811591095784000,0
LUK,EsteMauder,Golden Plains Agribusiness,27,13,11,62,0,71,0,6,58,LUK,1743822391095784000,0
LUK,EsteMauder,Crimson Electronics Lab,27,13,11,62,0,71,0,6,58,LUK,1743822391095784000,0
LUK,EsteMauder,Golden Plains Agribusiness,19,16,13,64,0,66,0,7,58,LUK,1743833191095784000,0
LUK,EsteMauder,Crimson Electronics Lab,19,16,13,64,0,66,0,7,58,LUK,1743833191095784000,0
LUK,EsteMauder,Golden Plains Agribusiness,18,20,17,65,0,66,0,9,60,LUK,1743843991095784000,0
LUK,EsteMauder,Crimson Electronics Lab,18,20,17,65,0,66,0,9,60,LUK,1743843991095784000,0
LUK,EsteMauder,Golden Plains Agribusiness,12,21,20,65,0,66,0,11,60,LUK,1743854791095784000,0
LUK,EsteMauder,Crimson Electronics Lab,12,21,20,65,0,66,0,11,60,LUK,1743854791095784000,0
LUK,EsteMauder,Golden Plains Agribusiness,9,21,20,69,0,78,0,11,63,LUK,1743865591095784000,0
LUK,EsteMauder,Crimson Electronics Lab,9,21,20,69,0,78,0,11,63,LUK,1743865591095784000,0
LUK,EsteMauder,Golden Plains Agribusiness,10,22,20,72,0,84,0,12,63,LUK,1743876391095784000,0
LUK,EsteMauder,Crimson Electronics Lab,10,22,20,72,0,84,0,12,63,LUK,1743876391095784000,0
TIW,EsteMauder,Urban Infrastructure Hub,8,24,8,52,0,38,0,5,40,TIW,1743638791095784000,0
TIW,EsteMauder,Urban Infrastructure Hub,5,23,5,48,0,14,0,3,40,TIW,1743649591095784000,0
TIW,EsteMauder,Urban Infrastructure Hub,2,21,5,45,0,3,0,2,40,TIW,1743660391095784000,0
TIW,EsteMauder,Urban Infrastructure Hub,0,19,4,43,0,12,0,2,40,TIW,1743671191095784000,0
TIW,EsteMauder,Urban Infrastructure Hub,0,20,4,40,0,15,0,1,39,TIW,1743681991095784000,0
TIW,EsteMauder,Urban Infrastructure Hub,0,19,3,42,0,0,0,1,39,TIW,1743692791095784000,0
TIW,EsteMauder,Urban Infrastructure Hub,0,0,3,49,0,0,0,0,41,TIW,1743703591095784000,0
TIW,EsteMauder,Urban Infrastructure Hub,1,3,5,54,0,0,0,2,39,TIW,1743714391095784000,0
TIW,EsteMauder,Urban Infrastructure Hub,0,3,7,56,0,0,0,4,39,TIW,1743725191095784000,0
TIW,EsteMauder,Urban Infrastructure Hub,0,4,4,51,0,0,0,2,39,TIW,1743735991095784000,0
TIW,EsteMauder,Urban Infrastructure Hub,0,3,3,46,0,0,0,1,39,TIW,1743746791095784000,0
TIW,EsteMauder,Urban Infrastructure Hub,0,3,2,43,0,0,0,1,39,TIW,1743757591095784000,0
TIW,EsteMauder,Urban Infrastructure Hub,0,0,3,40,0,0,0,0,38,TIW,1743768391095784000,0
TIW,EsteMauder,Urban Infrastructure Hub,0,0,3,43,0,0,0,0,39,TIW,1743779191095784000,0
TIW,EsteMauder,Urban Infrastructure Hub,0,2,4,53,0,0,0,2,41,TIW,1743789991095784000,0
TIW,EsteMauder,Urban Infrastructure Hub,0,2,5,61,0,0,0,3,39,TIW,1743800791095784000,0
TIW,EsteMauder,Urban Infrastructure Hub,0,1,6,63,0,0,0,3,38,TIW,1743811591095784000,0
TIW,EsteMauder,Urban Infrastructure Hub,0,2,5,56,0,0,0,3,40,TIW,1743822391095784000,0
TIW,EsteMauder,Urban Infrastructure Hub,0,3,4,51,0,0,0,2,40,TIW,1743833191095784000,0
TIW,EsteMauder,Urban Infrastructure Hub,0,5,3,47,0,0,0,1,40,TIW,1743843991095784000,0
TIW,EsteMauder,Urban Infrastructure Hub,0,0,3,44,0,0,0,0,39,TIW,1743854791095784000,0
TIW,EsteMauder,Urban Infrastructure Hub,0,0,3,46,0,0,0,0,40,TIW,1743865591095784000,0
TIW,EsteMauder,Urban Infrastructure Hub,0,18,3,57,0,0,0,1,41,TIW,1743876391095784000,0
CWN,EsteMauder,Liberty Steelworks,1,30,13,45,12,0,0,7,1,CWN,1743638791095784000,0
CWN,EsteMauder,Frontier Robotics Center,1,30,13,45,12,0,0,7,1,CWN,1743638791095784000,0
CWN,EsteMauder,Liberty Steelworks,0,35,10,38,13,0,0,6,8,CWN,1743649591095784000,0
CWN,EsteMauder,Frontier Robotics Center,0,35,10,38,13,0,0,6,8,CWN,1743649591095784000,0
CWN,EsteMauder,Liberty Steelworks,0,32,8,35,1,0,0,4,10,CWN,1743660391095784000,0
CWN,EsteMauder,Frontier Robotics Center,0,32,8,35,1,0,0,4,10,CWN,1743660391095784000,0
CWN,EsteMauder,Liberty Steelworks,0,33,8,33,4,0,0,3,11,CWN,1743671191095784000,0
CWN,EsteMauder,Frontier Robotics Center,0,33,8,33,4,0,0,3,11,CWN,1743671191095784000,0
CWN,EsteMauder,Liberty Steelworks,0,35,8,33,25,0,0,3,13,CWN,1743681991095784000,0
CWN,EsteMauder,Frontier Robotics Center,0,35,8,33,25,0,0,3,13,CWN,1743681991095784000,0
CWN,EsteMauder,Liberty Steelworks,1,2,9,35,36,0,0,4,19,CWN,1743692791095784000,0
CWN,EsteMauder,Frontier Robotics Center,1,2,9,35,36,0,0,4,19,CWN,1743692791095784000,0
CWN,EsteMauder,Liberty Steelworks,2,7,12,40,21,0,0,6,25,CWN,1743703591095784000,0
CWN,EsteMauder,Frontier Robotics Center,2,7,12,40,21,0,0,6,25,CWN,1743703591095784000,0
CWN,EsteMauder,Liberty Steelworks,8,16,12,44,37,20,0,6,23,CWN,1743714391095784000,0
CWN,EsteMauder,Frontier Robotics Center,8,16,12,44,37,20,0,6,23,CWN,1743714391095784000,0
CWN,EsteMauder,Liberty Steelworks,9,28,11,42,17,3,0,5,22,CWN,1743725191095784000,0
CWN,EsteMauder,Frontier Robotics Center,9,28,11,42,17,3,0,5,22,CWN,1743725191095784000,0
CWN,EsteMauder,Liberty Steelworks,4,34,9,36,3,2,0,5,23,CWN,1743735991095784000,0
CWN,EsteMauder,Frontier Robotics Center,4,34,9,36,3,2,0,5,23,CWN,1743735991095784000,0
CWN,EsteMauder,Liberty Steelworks,1,32,8,32,16,2,0,4,23,CWN,1743746791095784000,0
CWN,EsteMauder,Frontier Robotics Center,1,32,8,32,16,2,0,4,23,CWN,1743746791095784000,0
CWN,EsteMauder,Liberty Steelworks,0,32,7,30,4,0,0,3,21,CWN,1743757591095784000,0
CWN,EsteMauder,Frontier Robotics Center,0,32,7,30,4,0,0,3,21,CWN,1743757591095784000,0
CWN,EsteMauder,Liberty Steelworks,0,33,7,30,3,0,0,3,18,CWN,1743768391095784000,0
CWN,EsteMauder,Frontier Robotics Center,0,33,7,30,3,0,0,3,18,CWN,1743768391095784000,0
CWN,EsteMauder,Liberty Steelworks,0,36,10,36,31,0,0,5,22,CWN,1743779191095784000,0
CWN,EsteMauder,Frontier Robotics Center,0,36,10,36,31,0,0,5,22,CWN,1743779191095784000,0
CWN,EsteMauder,Liberty Steelworks,2,1,19,41,49,0,0,11,26,CWN,1743789991095784000,0
CWN,EsteMauder,Frontier Robotics Center,2,1,19,41,49,0,0,11,26,CWN,1743789991095784000,0
CWN,EsteMauder,Liberty Steelworks,5,2,23,42,54,8,0,14,24,CWN,1743800791095784000,0
CWN,EsteMauder,Frontier Robotics Center,5,2,23,42,54,8,0,14,24,CWN,1743800791095784000,0
CWN,EsteMauder,Liberty Steelworks,5,2,24,37,50,11,0,15,23,CWN,1743811591095784000,0
CWN,EsteMauder,Frontier Robotics Center,5,2,24,37,50,11,0,15,23,CWN,1743811591095784000,0
CWN,EsteMauder,Liberty Steelworks,2,1,25,33,72,9,0,15,21,CWN,1743822391095784000,0
CWN,EsteMauder,Frontier Robotics Center,2,1,25,33,72,9,0,15,21,CWN,1743822391095784000,0
CWN,EsteMauder,Liberty Steelworks,2,1,24,30,76,0,0,14,19,CWN,1743833191095784000,0
CWN,EsteMauder,Frontier Robotics Center,2,1,24,30,76,0,0,14,19,CWN,1743833191095784000,0
CWN,EsteMauder,Liberty Steelworks,2,36,21,27,68,0,0,12,17,CWN,1743843991095784000,0
CWN,EsteMauder,Frontier Robotics Center,2,36,21,27,68,0,0,12,17,CWN,1743843991095784000,0
CWN,EsteMauder,Liberty Steelworks,1,36,17,26,59,0,0,10,15,CWN,1743854791095784000,0
CWN,EsteMauder,Frontier Robotics Center,1,36,17,26,59,0,0,10,15,CWN,1743854791095784000,0
CWN,EsteMauder,Liberty Steelworks,0,36,15,29,50,0,0,8,16,CWN,1743865591095784000,0
CWN,EsteMauder,Frontier Robotics Center,0,36,15,29,50,0,0,8,16,CWN,1743865591095784000,0
CWN,EsteMauder,Liberty Steelworks,1,2,15,35,41,0,0,8,19,CWN,1743876391095784000,0
CWN,EsteMauder,Frontier Robotics Center,1,2,15,35,41,0,0,8,19,CWN,1743876391095784000,0
MIA,EsteMauder,Silver Creek Power Plant,8,10,19,79,0,1,0,11,71,MIA,1743638791095784000,0
MIA,EsteMauder,Silver Creek Power Plant,3,10,20,78,0,2,0,11,71,MIA,1743649591095784000,0
MIA,EsteMauder,Silver Creek Power Plant,2,11,18,78,0,1,0,10,71,MIA,1743660391095784000,0
MIA,EsteMauder,Silver Creek Power Plant,3,11,18,77,0,14,0,10,71,MIA,1743671191095784000,0
MIA,EsteMauder,Silver Creek Power Plant,3,11,19,77,0,18,0,11,71,MIA,1743681991095784000,0
MIA,EsteMauder,Silver Creek Power Plant,2,12,23,82,0,31,0,14,70,MIA,1743692791095784000,0
MIA,EsteMauder,Silver Creek Power Plant,4,11,24,83,0,18,0,14,71,MIA,1743703591095784000,0
MIA,EsteMauder,Silver Creek Power Plant,7,11,23,82,0,1,0,13,71,MIA,1743714391095784000,0
MIA,EsteMauder,Silver Creek Power Plant,6,10,20,79,0,1,0,12,70,MIA,1743725191095784000,0
MIA,EsteMauder,Silver Creek Power Plant,2,11,20,78,0,16,0,11,70,MIA,1743735991095784000,0
MIA,EsteMauder,Silver Creek Power Plant,1,11,18,77,0,16,0,10,69,MIA,1743746791095784000,0
MIA,EsteMauder,Silver Creek Power Plant,0,11,18,76,0,0,0,10,68,MIA,1743757591095784000,0
MIA,EsteMauder,Silver Creek Power Plant,1,11,17,76,0,16,0,10,68,MIA,1743768391095784000,0
MIA,EsteMauder,Silver Creek Power Plant,1,11,21,82,0,0,0,13,68,MIA,1743779191095784000,0
MIA,EsteMauder,Silver Creek Power Plant,2,11,22,83,0,0,0,13,69,MIA,1743789991095784000,0
MIA,EsteMauder,Silver Creek Power Plant,2,11,20,82,0,0,0,12,68,MIA,1743800791095784000,0
MIA,EsteMauder,Silver Creek Power Plant,1,10,17,78,0,17,0,10,68,MIA,1743811591095784000,0
MIA,EsteMauder,Silver Creek Power Plant,1,10,18,78,0,0,0,10,69,MIA,1743822391095784000,0
MIA,EsteMauder,Silver Creek Power Plant,0,12,18,77,0,0,0,10,69,MIA,1743833191095784000,0
MIA,EsteMauder,Silver Creek Power Plant,1,12,18,76,0,0,0,10,69,MIA,1743843991095784000,0
MIA,EsteMauder,Silver Creek Power Plant,1,12,18,76,0,0,0,10,69,MIA,1743854791095784000,0
MIA,EsteMauder,Silver Creek Power Plant,1,13,20,81,0,0,0,12,68,MIA,1743865591095784000,0
MIA,EsteMauder,Silver Creek Power Plant,0,12,21,83,0,0,0,12,67,MIA,1743876391095784000,0
RDU,EsteMauder,Summit Manufacturing,1,14,14,71,0,7,0,9,59,RDU,1743638791095784000,0
RDU,EsteMauder,Summit Manufacturing,1,16,14,70,0,13,0,9,61,RDU,1743649591095784000,0
RDU,EsteMauder,Summit Manufacturing,1,18,14,70,0,42,0,8,63,RDU,1743660391095784000,0
RDU,EsteMauder,Summit Manufacturing,1,19,14,69,0,8,0,9,65,RDU,1743671191095784000,0
RDU,EsteMauder,Summit Manufacturing,1,20,14,69,0,6,0,9,65,RDU,1743681991095784000,0
RDU,EsteMauder,Summit Manufacturing,2,21,17,75,0,0,0,10,65,RDU,1743692791095784000,0
RDU,EsteMauder,Summit Manufacturing,3,21,19,81,0,17,0,11,64,RDU,1743703591095784000,0
RDU,EsteMauder,Summit Manufacturing,6,21,17,84,0,17,0,10,63,RDU,1743714391095784000,0
RDU,EsteMauder,Summit Manufacturing,5,20,10,79,0,0,0,7,62,RDU,1743725191095784000,0
RDU,EsteMauder,Summit Manufacturing,3,19,13,75,0,0,0,8,63,RDU,1743735991095784000,0
RDU,EsteMauder,Summit Manufacturing,1,21,13,72,0,0,0,8,63,RDU,1743746791095784000,0
RDU,EsteMauder,Summit Manufacturing,0,22,13,70,0,16,0,8,64,RDU,1743757591095784000,0
RDU,EsteMauder,Summit Manufacturing,1,22,12,69,0,16,0,8,64,RDU,1743768391095784000,0
RDU,EsteMauder,Summit Manufacturing,1,22,13,78,0,2,0,8,64,RDU,1743779191095784000,0
RDU,EsteMauder,Summit Manufacturing,0,23,15,85,0,1,0,9,64,RDU,1743789991095784000,0
RDU,EsteMauder,Summit Manufacturing,2,22,13,88,0,2,0,9,62,RDU,1743800791095784000,0
RDU,EsteMauder,Summit Manufacturing,4,20,6,81,0,2,0,5,62,RDU,1743811591095784000,0
RDU,EsteMauder,Summit Manufacturing,4,19,8,76,0,5,0,5,63,RDU,1743822391095784000,0
RDU,EsteMauder,Summit Manufacturing,2,20,9,72,0,5,0,5,63,RDU,1743833191095784000,0
RDU,EsteMauder,Summit Manufacturing,1,20,9,69,0,1,0,5,62,RDU,1743843991095784000,0
RDU,EsteMauder,Summit Manufacturing,1,21,10,67,0,1,0,6,62,RDU,1743854791095784000,0
RDU,EsteMauder,Summit Manufacturing,1,21,13,77,0,1,0,8,62,RDU,1743865591095784000,0
RDU,EsteMauder,Summit Manufacturing,2,21,16,84,0,1,0,10,61,RDU,1743876391095784000,0
RDU,EsteMauder,Gateway Transportation Depot,1,14,14,71,0,7,0,9,59,RDU,1743638791095784000,0
RDU,EsteMauder,Gateway Transportation Depot,1,16,14,70,0,13,0,9,61,RDU,1743649591095784000,0
RDU,EsteMauder,Gateway Transportation Depot,1,18,14,70,0,42,0,8,63,RDU,1743660391095784000,0
RDU,EsteMauder,Gateway Transportation Depot,1,19,14,69,0,8,0,9,65,RDU,1743671191095784000,0
RDU,EsteMauder,Gateway Transportation Depot,1,20,14,69,0,6,0,9,65,RDU,1743681991095784000,0
RDU,EsteMauder,Gateway Transportation Depot,2,21,17,75,0,0,0,10,65,RDU,1743692791095784000,0
RDU,EsteMauder,Gateway Transportation Depot,3,21,19,81,0,17,0,11,64,RDU,1743703591095784000,0
RDU,EsteMauder,Gateway Transportation Depot,6,21,17,84,0,17,0,10,63,RDU,1743714391095784000,0
RDU,EsteMauder,Gateway Transportation Depot,5,20,10,79,0,0,0,7,62,RDU,1743725191095784000,0
RDU,EsteMauder,Gateway Transportation Depot,3,19,13,75,0,0,0,8,63,RDU,1743735991095784000,0
RDU,EsteMauder,Gateway Transportation Depot,1,21,13,72,0,0,0,8,63,RDU,1743746791095784000,0
RDU,EsteMauder,Gateway Transportation Depot,0,22,13,70,0,16,0,8,64,RDU,1743757591095784000,0
RDU,EsteMauder,Gateway Transportation Depot,1,22,12,69,0,16,0,8,64,RDU,1743768391095784000,0
RDU,EsteMauder,Gateway Transportation Depot,1,22,13,78,0,2,0,8,64,RDU,1743779191095784000,0
RDU,EsteMauder,Gateway Transportation Depot,0,23,15,85,0,1,0,9,64,RDU,1743789991095784000,0
RDU,EsteMauder,Gateway Transportation Depot,2,22,13,88,0,2,0,9,62,RDU,1743800791095784000,0
RDU,EsteMauder,Gateway Transportation Depot,4,20,6,81,0,2,0,5,62,RDU,1743811591095784000,0
RDU,EsteMauder,Gateway Transportation Depot,4,19,8,76,0,5,0,5,63,RDU,1743822391095784000,0
RDU,EsteMauder,Gateway Transportation Depot,2,20,9,72,0,5,0,5,63,RDU,1743833191095784000,0
RDU,EsteMauder,Gateway Transportation Depot,1,20,9,69,0,1,0,5,62,RDU,1743843991095784000,0
RDU,EsteMauder,Gateway Transportation Depot,1,21,10,67,0,1,0,6,62,RDU,1743854791095784000,0
RDU,EsteMauder,Gateway Transportation Depot,1,21,13,77,0,1,0,8,62,RDU,1743865591095784000,0
RDU,EsteMauder,Gateway Transportation Depot,2,21,16,84,0,1,0,10,61,RDU,1743876391095784000,0
